{
  "coefficients": [
    0.002415550749662517,
    0.020129712666397674,
    -0.017714161915345115,
    -0.00394868102525795,
    0.022020175249860687,
    -0.18054441499450113,
    0.00036147995121540196,
    -0.016296131857018285
  ],
  "intercept": 0.6599178873450358,
  "metrics": {
    "LA": {
      "rating": 10.88888888888889,
      "offense": 27.88888888888889,
      "defense": -17.0,
      "last3": 22.666666666666668
    },
    "SF": {
      "rating": -1.0,
      "offense": 22.0,
      "defense": -23.0,
      "last3": -5.666666666666667
    },
    "NYJ": {
      "rating": -5.111111111111111,
      "offense": 21.666666666666668,
      "defense": -26.77777777777778,
      "last3": 0.3333333333333333
    },
    "TB": {
      "rating": 1.5555555555555556,
      "offense": 24.444444444444443,
      "defense": -22.88888888888889,
      "last3": 0.0
    },
    "CAR": {
      "rating": -4.5,
      "offense": 17.7,
      "defense": -22.2,
      "last3": -12.666666666666666
    },
    "MIA": {
      "rating": -4.6,
      "offense": 21.0,
      "defense": -25.6,
      "last3": 6.333333333333333
    },
    "CLE": {
      "rating": -7.222222222222222,
      "offense": 16.22222222222222,
      "defense": -23.444444444444443,
      "last3": -0.3333333333333333
    },
    "LAC": {
      "rating": 3.7,
      "offense": 24.0,
      "defense": -20.3,
      "last3": 16.333333333333332
    },
    "NE": {
      "rating": 7.3,
      "offense": 26.5,
      "defense": -19.2,
      "last3": 8.333333333333334
    },
    "NO": {
      "rating": -9.5,
      "offense": 15.5,
      "defense": -25.0,
      "last3": -11.333333333333334
    },
    "SEA": {
      "rating": 11.444444444444445,
      "offense": 30.555555555555557,
      "defense": -19.11111111111111,
      "last3": 18.0
    },
    "WAS": {
      "rating": -5.7,
      "offense": 22.3,
      "defense": -28.0,
      "last3": -22.333333333333332
    },
    "BUF": {
      "rating": 5.666666666666667,
      "offense": 27.555555555555557,
      "defense": -21.88888888888889,
      "last3": 7.0
    },
    "KC": {
      "rating": 8.444444444444445,
      "offense": 26.11111111111111,
      "defense": -17.666666666666668,
      "last3": 15.0
    },
    "ATL": {
      "rating": -4.555555555555555,
      "offense": 18.666666666666668,
      "defense": -23.22222222222222,
      "last3": -10.333333333333334
    },
    "JAX": {
      "rating": -1.6666666666666667,
      "offense": 22.77777777777778,
      "defense": -24.444444444444443,
      "last3": -11.333333333333334
    },
    "BAL": {
      "rating": -0.6666666666666666,
      "offense": 25.444444444444443,
      "defense": -26.11111111111111,
      "last3": 14.666666666666666
    },
    "MIN": {
      "rating": -1.3333333333333333,
      "offense": 22.333333333333332,
      "defense": -23.666666666666668,
      "last3": -10.666666666666666
    },
    "LV": {
      "rating": -9.0,
      "offense": 15.444444444444445,
      "defense": -24.444444444444443,
      "last3": -11.666666666666666
    },
    "PIT": {
      "rating": -0.8888888888888888,
      "offense": 23.555555555555557,
      "defense": -24.444444444444443,
      "last3": -6.0
    },
    "CIN": {
      "rating": -9.333333333333334,
      "offense": 24.0,
      "defense": -33.333333333333336,
      "last3": -1.3333333333333333
    },
    "NYG": {
      "rating": -5.6,
      "offense": 21.7,
      "defense": -27.3,
      "last3": -10.666666666666666
    },
    "ARI": {
      "rating": -1.4444444444444444,
      "offense": 22.444444444444443,
      "defense": -23.88888888888889,
      "last3": -5.333333333333333
    },
    "PHI": {
      "rating": 2.888888888888889,
      "offense": 24.22222222222222,
      "defense": -21.333333333333332,
      "last3": 9.0
    },
    "TEN": {
      "rating": -14.11111111111111,
      "offense": 14.444444444444445,
      "defense": -28.555555555555557,
      "last3": -16.333333333333332
    },
    "IND": {
      "rating": 11.5,
      "offense": 32.1,
      "defense": -20.6,
      "last3": 7.666666666666667
    },
    "DEN": {
      "rating": 6.2,
      "offense": 23.5,
      "defense": -17.3,
      "last3": 8.666666666666666
    },
    "CHI": {
      "rating": -0.8888888888888888,
      "offense": 26.555555555555557,
      "defense": -27.444444444444443,
      "last3": -1.6666666666666667
    },
    "DAL": {
      "rating": -1.5555555555555556,
      "offense": 29.22222222222222,
      "defense": -30.77777777777778,
      "last3": -2.6666666666666665
    },
    "DET": {
      "rating": 9.222222222222221,
      "offense": 31.444444444444443,
      "defense": -22.22222222222222,
      "last3": 11.333333333333334
    },
    "HOU": {
      "rating": 6.0,
      "offense": 22.666666666666668,
      "defense": -16.666666666666668,
      "last3": 5.0
    },
    "GB": {
      "rating": 4.111111111111111,
      "offense": 23.666666666666668,
      "defense": -19.555555555555557,
      "last3": 1.3333333333333333
    }
  }
}