{
  "IND": 6.764705882352941,
  "SEA": 6.0588235294117645,
  "LA": 5.764705882352941,
  "DET": 4.882352941176471,
  "KC": 4.470588235294118,
  "NE": 4.294117647058823,
  "DEN": 3.6470588235294117,
  "HOU": 3.176470588235294,
  "BUF": 3.0,
  "GB": 2.176470588235294,
  "LAC": 2.176470588235294,
  "PHI": 1.5294117647058822,
  "TB": 0.8235294117647058,
  "BAL": -0.35294117647058826,
  "CHI": -0.47058823529411764,
  "PIT": -0.47058823529411764,
  "SF": -0.5882352941176471,
  "MIN": -0.7058823529411765,
  "ARI": -0.7647058823529411,
  "DAL": -0.8235294117647058,
  "JAX": -0.8823529411764706,
  "ATL": -2.411764705882353,
  "CAR": -2.6470588235294117,
  "NYJ": -2.7058823529411766,
  "MIA": -2.7058823529411766,
  "NYG": -3.2941176470588234,
  "WAS": -3.3529411764705883,
  "CLE": -3.823529411764706,
  "LV": -4.764705882352941,
  "CIN": -4.9411764705882355,
  "NO": -5.588235294117647,
  "TEN": -7.470588235294118
}
